rank;snp;minor_all;b1;b2;b3
1;N29insA;A;0.9745;24098;3.1276
2;rs11547464;A;-0.7821;2.5642;-15762
3;rs885479;T;0.031283;-0.18387;0.69088
4;rs1805008;T;-0.52101;3017;-0.90313
5;rs1805005;T;0.2947;0.94412;-0.14105
6;rs1805006;A;2.0302;3.9033;0.79123
7;rs1805007;T;-0.28482;3.5827;-1.6596
8;rs1805009;C;0.76262;5.1241;-0.18774
9;Y152OCH;A;0.6826;21084;4.5059
10;rs2228479;A;-0.15472;0.48015;0.27994
11;rs1110400;C;-0.47929;1.8179;-0.047461
12;rs28777;C;0.34385;0.53517;0.43956
13;rs16891982;C;0.84312;-0.3908;1.6652
14;rs12821256;G;-0.35289;-0.23622;-1.1131
15;rs4959270;A;-0.15777;0.34898;-0.21798
16;rs12203592;T;1.6112;0.88769;1.8617
17;rs1042602;T;0.15199;0.32197;-0.21476
18;rs1800407;A;-0.32432;-0.17931;-0.54689
19;rs2402130;G;0.26138;0.25178;0.22181
20;rs12913832;T;1.2021;-0.031621;1.9684
21;rs2378249;C;0.18883;0.7742;-0.0082352
24;rs683;G;0.19403;0.018458;0.27699